Home Member State;Document Type;Prospectus Type;Approval or filing date;Issuer(s) Name / LEI;ISIN;EU Growth prospectus category;Host Member State(s);Last Update Date;Physical Document;Language;More Info;physical_doc_downl_url;file_name
NETHERLANDS;Base prospectus without Final terms;Base Prospectus;10/10/2024;de Volksbank N.V. - 724500A1FNICHSDF2I11;;;LUXEMBOURG;10/10/2024;downloadFile?fileId=36130277&checksum=3ef3397a91d527d8d749583eea5191b9;English;details?core=esma_registers_priii_documents&docId=31887458;https://registers.esma.europa.eu/publication/downloadFile?fileId=36130277&checksum=3ef3397a91d527d8d749583eea5191b9;de_Volksbank_N.V._-_724500A1FNICHSDF2I11__Base_Prospectus__10-10-2024
NETHERLANDS;Base prospectus without Final terms;Base Prospectus;01/10/2024;N.V. Nederlandse Gasunie - 724500MQFZSYSBC5H178;;;;01/10/2024;downloadFile?fileId=35926580&checksum=cbe95d08cdcf3b9c01dedec1a69ceb0d;English;details?core=esma_registers_priii_documents&docId=31694965;https://registers.esma.europa.eu/publication/downloadFile?fileId=35926580&checksum=cbe95d08cdcf3b9c01dedec1a69ceb0d;N.V._Nederlandse_Gasunie_-_724500MQFZSYSBC5H178__Base_Prospectus__01-10-2024
NETHERLANDS;Base prospectus without Final terms;Base Prospectus;27/09/2024;Alliander N.V. - 724500XBZ9QOPTI11U82;;;;27/09/2024;downloadFile?fileId=35863566&checksum=7aae99d16b87f868ac6c221fb24d600e;English;details?core=esma_registers_priii_documents&docId=31634709;https://registers.esma.europa.eu/publication/downloadFile?fileId=35863566&checksum=7aae99d16b87f868ac6c221fb24d600e;Alliander_N.V._-_724500XBZ9QOPTI11U82__Base_Prospectus__27-09-2024
NETHERLANDS;Base prospectus without Final terms;Base Prospectus;20/08/2024;NatWest Markets N.V. - X3CZP3CK64YBHON1LE12;;;;20/08/2024;downloadFile?fileId=35113505&checksum=8878d2f77f9f679ef2e36ab0fdd9b386;English;details?core=esma_registers_priii_documents&docId=30933162;https://registers.esma.europa.eu/publication/downloadFile?fileId=35113505&checksum=8878d2f77f9f679ef2e36ab0fdd9b386;NatWest_Markets_N.V._-_X3CZP3CK64YBHON1LE12__Base_Prospectus__20-08-2024
NETHERLANDS;Base prospectus without Final terms;Base Prospectus;22/07/2024;Nationale-Nederlanden Bank N.V. - 724500BICUQ0LF1AH770;;;;22/07/2024;downloadFile?fileId=34433718&checksum=654f0e6e233479b1e3d64187d8c191e3;English;details?core=esma_registers_priii_documents&docId=30298685;https://registers.esma.europa.eu/publication/downloadFile?fileId=34433718&checksum=654f0e6e233479b1e3d64187d8c191e3;Nationale-Nederlanden_Bank_N.V._-_724500BICUQ0LF1AH770__Base_Prospectus__22-07-2024
NETHERLANDS;Base prospectus without Final terms;Base Prospectus;19/07/2024;NIBC Bank N.V. - B64D6Y3LBJS4ANNPCU93;;;LUXEMBOURG;20/07/2024;downloadFile?fileId=34432648&checksum=a5262858aa823732979d4c7ebf47a8f8;English;details?core=esma_registers_priii_documents&docId=30297698;https://registers.esma.europa.eu/publication/downloadFile?fileId=34432648&checksum=a5262858aa823732979d4c7ebf47a8f8;NIBC_Bank_N.V._-_B64D6Y3LBJS4ANNPCU93__Base_Prospectus__19-07-2024
NETHERLANDS;Base prospectus without Final terms;Base Prospectus;28/06/2024;BNP PARIBAS - R0MUWSFPU8MPRO8K5P83, BNP Paribas Issuance B.V. - 7245009UXRIGIRYOBR48;;;BELGIUM,DENMARK,...;28/06/2024;downloadFile?fileId=34018225&checksum=2cab371c8a47497cbb6f100cab93c24e;English;details?core=esma_registers_priii_documents&docId=29911035;https://registers.esma.europa.eu/publication/downloadFile?fileId=34018225&checksum=2cab371c8a47497cbb6f100cab93c24e;BNP_PARIBAS_-_R0MUWSFPU8MPRO8K5P83,_BNP_Paribas_Issuance_B.V._-_7245009UXRIGIRYOBR48__Base_Prospectus__28-06-2024
NETHERLANDS;Base prospectus without Final terms;Base Prospectus;18/06/2024;NN Group N.V. - 724500OHYNDT9OY6Q215;;;;18/06/2024;downloadFile?fileId=33776971&checksum=0659d967ce229ad0d5a7c4eb7c596af1;English;details?core=esma_registers_priii_documents&docId=29691174;https://registers.esma.europa.eu/publication/downloadFile?fileId=33776971&checksum=0659d967ce229ad0d5a7c4eb7c596af1;NN_Group_N.V._-_724500OHYNDT9OY6Q215__Base_Prospectus__18-06-2024
NETHERLANDS;Base prospectus without Final terms;Base Prospectus;07/06/2024;Stedin Holding N.V. - 724500R5IP6TFKTNRU48;;;;07/06/2024;downloadFile?fileId=33624656&checksum=5b1243b956288da339605457ca64a1bd;English;details?core=esma_registers_priii_documents&docId=29543658;https://registers.esma.europa.eu/publication/downloadFile?fileId=33624656&checksum=5b1243b956288da339605457ca64a1bd;Stedin_Holding_N.V._-_724500R5IP6TFKTNRU48__Base_Prospectus__07-06-2024
NETHERLANDS;Base prospectus without Final terms;Base Prospectus;03/06/2024;NEDERLANDSE FINANCIERINGS-MAATSCHAPPIJ VOOR ONTWIKKELINGSLANDEN N.V. - XTC5E2QFTEF0435JWL77;;;LUXEMBOURG;03/06/2024;downloadFile?fileId=33504707&checksum=2a15f2086030aed2a11ffcfdf4882087;English;details?core=esma_registers_priii_documents&docId=29425402;https://registers.esma.europa.eu/publication/downloadFile?fileId=33504707&checksum=2a15f2086030aed2a11ffcfdf4882087;NEDERLANDSE_FINANCIERINGS-MAATSCHAPPIJ_VOOR_ONTWIKKELINGSLANDEN_N.V._-_XTC5E2QFTEF0435JWL77__Base_Prospectus__03-06-2024
NETHERLANDS;Base prospectus without Final terms;Base Prospectus;29/05/2024;Universal Music Group N.V. - 724500GJBUL3D9TW9Y18;;;;29/05/2024;downloadFile?fileId=33453066&checksum=15b820931f00e39251d5636cf875ba21;English;details?core=esma_registers_priii_documents&docId=29374840;https://registers.esma.europa.eu/publication/downloadFile?fileId=33453066&checksum=15b820931f00e39251d5636cf875ba21;Universal_Music_Group_N.V._-_724500GJBUL3D9TW9Y18__Base_Prospectus__29-05-2024
NETHERLANDS;Base prospectus without Final terms;Base Prospectus;23/05/2024;BNG Bank N.V. - 529900GGYMNGRQTDOO93;;;AUSTRIA,BELGIUM,...;23/05/2024;downloadFile?fileId=33363725&checksum=443f3d577260dc92ed7e77ea0d6af88b;English;details?core=esma_registers_priii_documents&docId=29286915;https://registers.esma.europa.eu/publication/downloadFile?fileId=33363725&checksum=443f3d577260dc92ed7e77ea0d6af88b;BNG_Bank_N.V._-_529900GGYMNGRQTDOO93__Base_Prospectus__23-05-2024
NETHERLANDS;Base prospectus without Final terms;Base Prospectus;02/05/2024;Enexis Holding N.V. - 7245009Q5867Q0YC9Q13;;;;02/05/2024;downloadFile?fileId=32965080&checksum=31b70f20a01b18be90d4f22aca14d32e;English;details?core=esma_registers_priii_documents&docId=28903683;https://registers.esma.europa.eu/publication/downloadFile?fileId=32965080&checksum=31b70f20a01b18be90d4f22aca14d32e;Enexis_Holding_N.V._-_7245009Q5867Q0YC9Q13__Base_Prospectus__02-05-2024
NETHERLANDS;Base prospectus without Final terms;Base Prospectus;26/04/2024;NEDERLANDSE WATERSCHAPSBANK N.V. - JLP5FSPH9WPSHY3NIM24;;;FRANCE,GERMANY,...;26/04/2024;downloadFile?fileId=32901635&checksum=63cfbca2022e73b75433dc1007b6aaa2;English;details?core=esma_registers_priii_documents&docId=28841731;https://registers.esma.europa.eu/publication/downloadFile?fileId=32901635&checksum=63cfbca2022e73b75433dc1007b6aaa2;NEDERLANDSE_WATERSCHAPSBANK_N.V._-_JLP5FSPH9WPSHY3NIM24__Base_Prospectus__26-04-2024
NETHERLANDS;Base prospectus without Final terms;Base Prospectus;17/04/2024;Achmea Bank N.V. - 724500AH42V5X8BCPE49;;;;17/04/2024;downloadFile?fileId=32716257&checksum=d73c73ded80db71bdda0a73fa3c30743;English;details?core=esma_registers_priii_documents&docId=28659923;https://registers.esma.europa.eu/publication/downloadFile?fileId=32716257&checksum=d73c73ded80db71bdda0a73fa3c30743;Achmea_Bank_N.V._-_724500AH42V5X8BCPE49__Base_Prospectus__17-04-2024
NETHERLANDS;Base prospectus without Final terms;Base Prospectus;15/03/2024;Nationale-Nederlanden Bank N.V. - 724500BICUQ0LF1AH770;;;;18/03/2024;downloadFile?fileId=32131691&checksum=8a0865b6f49b04370af3c087962797b4;English;details?core=esma_registers_priii_documents&docId=28087054;https://registers.esma.europa.eu/publication/downloadFile?fileId=32131691&checksum=8a0865b6f49b04370af3c087962797b4;Nationale-Nederlanden_Bank_N.V._-_724500BICUQ0LF1AH770__Base_Prospectus__15-03-2024
NETHERLANDS;Base prospectus without Final terms;Base Prospectus;22/01/2024;Achmea Bank N.V. - 724500AH42V5X8BCPE49;;;;22/01/2024;downloadFile?fileId=31009076&checksum=dcfdcff45bd40b22965d11e92d5f5988;English;details?core=esma_registers_priii_documents&docId=26989108;https://registers.esma.europa.eu/publication/downloadFile?fileId=31009076&checksum=dcfdcff45bd40b22965d11e92d5f5988;Achmea_Bank_N.V._-_724500AH42V5X8BCPE49__Base_Prospectus__22-01-2024
NETHERLANDS;Base prospectus without Final terms;Base Prospectus;21/12/2023;Vesteda Finance B.V. - 72450072M9HBDGD2GH67;;;;21/12/2023;downloadFile?fileId=30564459&checksum=46e01a2abde1d7f7d83d60db001d3b8f;English;details?core=esma_registers_priii_documents&docId=26557237;https://registers.esma.europa.eu/publication/downloadFile?fileId=30564459&checksum=46e01a2abde1d7f7d83d60db001d3b8f;Vesteda_Finance_B.V._-_72450072M9HBDGD2GH67__Base_Prospectus__21-12-2023
NETHERLANDS;Base prospectus without Final terms;Base Prospectus;03/11/2023;ING Groenbank N.V. - 549300BV62M7SZOIN394;;;LUXEMBOURG;03/11/2023;downloadFile?fileId=29641997&checksum=e9629a1cd2c6b9effc38b6692d9a0a4c;English;details?core=esma_registers_priii_documents&docId=25666996;https://registers.esma.europa.eu/publication/downloadFile?fileId=29641997&checksum=e9629a1cd2c6b9effc38b6692d9a0a4c;ING_Groenbank_N.V._-_549300BV62M7SZOIN394__Base_Prospectus__03-11-2023
NETHERLANDS;Base prospectus without Final terms;Base Prospectus;12/10/2023;de Volksbank N.V. - 724500A1FNICHSDF2I11;;;LUXEMBOURG;12/10/2023;downloadFile?fileId=29290350&checksum=d103f59d2c4da27b3b68a1125582b6bc;English;details?core=esma_registers_priii_documents&docId=25331755;https://registers.esma.europa.eu/publication/downloadFile?fileId=29290350&checksum=d103f59d2c4da27b3b68a1125582b6bc;de_Volksbank_N.V._-_724500A1FNICHSDF2I11__Base_Prospectus__12-10-2023
NETHERLANDS;Base prospectus without Final terms;Base Prospectus;23/08/2023;NatWest Markets N.V. - X3CZP3CK64YBHON1LE12;;;;23/08/2023;downloadFile?fileId=28482056&checksum=902eb342efe0941d720b0d2fa6429805;English;details?core=esma_registers_priii_documents&docId=24571170;https://registers.esma.europa.eu/publication/downloadFile?fileId=28482056&checksum=902eb342efe0941d720b0d2fa6429805;NatWest_Markets_N.V._-_X3CZP3CK64YBHON1LE12__Base_Prospectus__23-08-2023
NETHERLANDS;Base prospectus without Final terms;Base Prospectus;08/08/2023;Nationale-Nederlanden Bank N.V. - 724500BICUQ0LF1AH770;;;;08/08/2023;downloadFile?fileId=28223763&checksum=2fb15dc4116668ac7d2247a1d30dd62d;English;details?core=esma_registers_priii_documents&docId=24328449;https://registers.esma.europa.eu/publication/downloadFile?fileId=28223763&checksum=2fb15dc4116668ac7d2247a1d30dd62d;Nationale-Nederlanden_Bank_N.V._-_724500BICUQ0LF1AH770__Base_Prospectus__08-08-2023
NETHERLANDS;Base prospectus without Final terms;Base Prospectus;11/07/2023;NIBC Bank N.V. - B64D6Y3LBJS4ANNPCU93;;;;11/07/2023;downloadFile?fileId=27746109&checksum=03a900d14e161d5ec98ac288bdb9b2a8;English;details?core=esma_registers_priii_documents&docId=23885509;https://registers.esma.europa.eu/publication/downloadFile?fileId=27746109&checksum=03a900d14e161d5ec98ac288bdb9b2a8;NIBC_Bank_N.V._-_B64D6Y3LBJS4ANNPCU93__Base_Prospectus__11-07-2023
NETHERLANDS;Base prospectus without Final terms;Base Prospectus;30/06/2023;BNP PARIBAS - R0MUWSFPU8MPRO8K5P83, BNP Paribas Issuance B.V. - 7245009UXRIGIRYOBR48;;;BELGIUM,DENMARK,...;30/06/2023;downloadFile?fileId=27584622&checksum=6faf73ca760f501c9aae9ddbc1a6c526;English;details?core=esma_registers_priii_documents&docId=23738524;https://registers.esma.europa.eu/publication/downloadFile?fileId=27584622&checksum=6faf73ca760f501c9aae9ddbc1a6c526;BNP_PARIBAS_-_R0MUWSFPU8MPRO8K5P83,_BNP_Paribas_Issuance_B.V._-_7245009UXRIGIRYOBR48__Base_Prospectus__30-06-2023
NETHERLANDS;Base prospectus without Final terms;Base Prospectus;29/06/2023;NIBC Bank N.V. - B64D6Y3LBJS4ANNPCU93;;;LUXEMBOURG;29/06/2023;downloadFile?fileId=27563807&checksum=7b02f955b6932d4541ea4fd390fee83e;English;details?core=esma_registers_priii_documents&docId=23717990;https://registers.esma.europa.eu/publication/downloadFile?fileId=27563807&checksum=7b02f955b6932d4541ea4fd390fee83e;NIBC_Bank_N.V._-_B64D6Y3LBJS4ANNPCU93__Base_Prospectus__29-06-2023
NETHERLANDS;Base prospectus without Final terms;Base Prospectus;28/06/2023;BinckBank N.V. - 7245006VSPI8FWN4DW03;;;BELGIUM;28/06/2023;downloadFile?fileId=27543883&checksum=3f3e0b3235d412412d093eaaeec8838e;English;details?core=esma_registers_priii_documents&docId=23699489;https://registers.esma.europa.eu/publication/downloadFile?fileId=27543883&checksum=3f3e0b3235d412412d093eaaeec8838e;BinckBank_N.V._-_7245006VSPI8FWN4DW03__Base_Prospectus__28-06-2023
NETHERLANDS;Base prospectus without Final terms;Base Prospectus;08/06/2023;NN Group N.V. - 724500OHYNDT9OY6Q215;;;;08/06/2023;downloadFile?fileId=27214697&checksum=a62ec0b2b1666fe8a45dadd80e31729a;English;details?core=esma_registers_priii_documents&docId=23392408;https://registers.esma.europa.eu/publication/downloadFile?fileId=27214697&checksum=a62ec0b2b1666fe8a45dadd80e31729a;NN_Group_N.V._-_724500OHYNDT9OY6Q215__Base_Prospectus__08-06-2023
NETHERLANDS;Base prospectus without Final terms;Base Prospectus;08/06/2023;Nederlandse Financierings-Maatschappij voor Ontwikkelingslanden N.V. - XTC5E2QFTEF0435JWL77;;;LUXEMBOURG;08/06/2023;downloadFile?fileId=27213968&checksum=e65f3968082e7c1ea116fcfe5a2efa61;English;details?core=esma_registers_priii_documents&docId=23391679;https://registers.esma.europa.eu/publication/downloadFile?fileId=27213968&checksum=e65f3968082e7c1ea116fcfe5a2efa61;Nederlandse_Financierings-Maatschappij_voor_Ontwikkelingslanden_N.V._-_XTC5E2QFTEF0435JWL77__Base_Prospectus__08-06-2023
NETHERLANDS;Base prospectus without Final terms;Base Prospectus;23/05/2023;Universal Music Group N.V. - 724500GJBUL3D9TW9Y18;;;;23/05/2023;downloadFile?fileId=26916992&checksum=33144281d9dc29a616b50ba18f7c1633;English;details?core=esma_registers_priii_documents&docId=23114350;https://registers.esma.europa.eu/publication/downloadFile?fileId=26916992&checksum=33144281d9dc29a616b50ba18f7c1633;Universal_Music_Group_N.V._-_724500GJBUL3D9TW9Y18__Base_Prospectus__23-05-2023
NETHERLANDS;Base prospectus without Final terms;Base Prospectus;23/05/2023;BNG Bank N.V. - 529900GGYMNGRQTDOO93;;;AUSTRIA,BELGIUM,...;23/05/2023;downloadFile?fileId=26917125&checksum=40ae823bd7c0ec24838f63418d641461;English;details?core=esma_registers_priii_documents&docId=23114483;https://registers.esma.europa.eu/publication/downloadFile?fileId=26917125&checksum=40ae823bd7c0ec24838f63418d641461;BNG_Bank_N.V._-_529900GGYMNGRQTDOO93__Base_Prospectus__23-05-2023
NETHERLANDS;Base prospectus without Final terms;Base Prospectus;17/05/2023;Coöperatieve Rabobank U.A. - DG3RU1DBUFHT4ZF9WN62;;;LUXEMBOURG;24/05/2023;downloadFile?fileId=26938770&checksum=53996df4790bd90f2cc760987729dab4;English;details?core=esma_registers_priii_documents&docId=23135567;https://registers.esma.europa.eu/publication/downloadFile?fileId=26938770&checksum=53996df4790bd90f2cc760987729dab4;Coöperatieve_Rabobank_U.A._-_DG3RU1DBUFHT4ZF9WN62__Base_Prospectus__17-05-2023
NETHERLANDS;Base prospectus without Final terms;Base Prospectus;17/05/2023;Coöperatieve Rabobank U.A. - DG3RU1DBUFHT4ZF9WN62;;;LUXEMBOURG;24/05/2023;downloadFile?fileId=26938764&checksum=ae444fede8a6c47f7b782f5a2e842761;English;details?core=esma_registers_priii_documents&docId=23135561;https://registers.esma.europa.eu/publication/downloadFile?fileId=26938764&checksum=ae444fede8a6c47f7b782f5a2e842761;Coöperatieve_Rabobank_U.A._-_DG3RU1DBUFHT4ZF9WN62__Base_Prospectus__17-05-2023
NETHERLANDS;Base prospectus without Final terms;Base Prospectus;16/05/2023;Enexis Holding N.V. - 7245009Q5867Q0YC9Q13;;;;24/05/2023;downloadFile?fileId=26938769&checksum=253192b84cf2ff2a8c2270d7910d32c3;English;details?core=esma_registers_priii_documents&docId=23135566;https://registers.esma.europa.eu/publication/downloadFile?fileId=26938769&checksum=253192b84cf2ff2a8c2270d7910d32c3;Enexis_Holding_N.V._-_7245009Q5867Q0YC9Q13__Base_Prospectus__16-05-2023
NETHERLANDS;Base prospectus without Final terms;Base Prospectus;16/05/2023;UNILEVER CAPITAL CORPORATION - MYF1DAS6G5WY7PRWCU78, UNILEVER PLC - 549300MKFYEKVRWML317, Unilever Finance Netherlands B.V. - 549300SWJ4YK4LLNT176;;;;24/05/2023;downloadFile?fileId=26938768&checksum=6f7039ed50ba70b12cec767891efa110;English;details?core=esma_registers_priii_documents&docId=23135565;https://registers.esma.europa.eu/publication/downloadFile?fileId=26938768&checksum=6f7039ed50ba70b12cec767891efa110;UNILEVER_CAPITAL_CORPORATION_-_MYF1DAS6G5WY7PRWCU78,_UNILEVER_PLC_-_549300MKFYEKVRWML317,_Unilever_Finance_Netherlands_B.V._-_549300SWJ4YK4LLNT176__Base_Prospectus__16-05-2023
NETHERLANDS;Base prospectus without Final terms;Base Prospectus;15/05/2023;Coöperatieve Rabobank U.A. - DG3RU1DBUFHT4ZF9WN62;;;BELGIUM,FRANCE,...;24/05/2023;downloadFile?fileId=26938767&checksum=6aa9da166baad9b6d21bf69926a5bebc;English;details?core=esma_registers_priii_documents&docId=23135564;https://registers.esma.europa.eu/publication/downloadFile?fileId=26938767&checksum=6aa9da166baad9b6d21bf69926a5bebc;Coöperatieve_Rabobank_U.A._-_DG3RU1DBUFHT4ZF9WN62__Base_Prospectus__15-05-2023
NETHERLANDS;Base prospectus without Final terms;Base Prospectus;04/05/2023;Royal Schiphol Group N.V. - 724500XSMG4AYQ8NDK42, Schiphol Nederland B.V. - 724500DX7Q1A19SPY530;;;;24/05/2023;downloadFile?fileId=26938766&checksum=aba228bcb151d8288fc278f17e08b3c1;English;details?core=esma_registers_priii_documents&docId=23135563;https://registers.esma.europa.eu/publication/downloadFile?fileId=26938766&checksum=aba228bcb151d8288fc278f17e08b3c1;Royal_Schiphol_Group_N.V._-_724500XSMG4AYQ8NDK42,_Schiphol_Nederland_B.V._-_724500DX7Q1A19SPY530__Base_Prospectus__04-05-2023
NETHERLANDS;Base prospectus without Final terms;Base Prospectus;28/04/2023;Nederlandse Waterschapsbank N.V. - JLP5FSPH9WPSHY3NIM24;;;FRANCE,GERMANY,...;28/04/2023;downloadFile?fileId=26543856&checksum=fe12a5a90016b16b285a3cff1d6d0000;English;details?core=esma_registers_priii_documents&docId=22765015;https://registers.esma.europa.eu/publication/downloadFile?fileId=26543856&checksum=fe12a5a90016b16b285a3cff1d6d0000;Nederlandse_Waterschapsbank_N.V._-_JLP5FSPH9WPSHY3NIM24__Base_Prospectus__28-04-2023
NETHERLANDS;Base prospectus without Final terms;Base Prospectus;28/02/2023;Randstad N.V. - 7245009EAAUUQJ0U4T57;;;;28/02/2023;downloadFile?fileId=25524331&checksum=7df77d0bcdf4a52b138bc1c442d4be30;English;details?core=esma_registers_priii_documents&docId=21811538;https://registers.esma.europa.eu/publication/downloadFile?fileId=25524331&checksum=7df77d0bcdf4a52b138bc1c442d4be30;Randstad_N.V._-_7245009EAAUUQJ0U4T57__Base_Prospectus__28-02-2023
NETHERLANDS;Base prospectus without Final terms;Base Prospectus;22/12/2022;Vesteda Finance B.V. - 72450072M9HBDGD2GH67;;;;22/12/2022;downloadFile?fileId=24311867&checksum=20d8904efff8305e73a762d00a28ac7f;English;details?core=esma_registers_priii_documents&docId=20693867;https://registers.esma.europa.eu/publication/downloadFile?fileId=24311867&checksum=20d8904efff8305e73a762d00a28ac7f;Vesteda_Finance_B.V._-_72450072M9HBDGD2GH67__Base_Prospectus__22-12-2022
NETHERLANDS;Base prospectus without Final terms;Base Prospectus;22/12/2022;Nationale-Nederlanden Bank N.V. - 724500BICUQ0LF1AH770;;;;22/12/2022;downloadFile?fileId=24312129&checksum=8f726c4e37d56527c64bc3967dc387e8;English;details?core=esma_registers_priii_documents&docId=20694120;https://registers.esma.europa.eu/publication/downloadFile?fileId=24312129&checksum=8f726c4e37d56527c64bc3967dc387e8;Nationale-Nederlanden_Bank_N.V._-_724500BICUQ0LF1AH770__Base_Prospectus__22-12-2022
NETHERLANDS;Base prospectus without Final terms;Base Prospectus;15/12/2022;de Volksbank N.V. - 724500A1FNICHSDF2I11;;;LUXEMBOURG;15/12/2022;downloadFile?fileId=24177987&checksum=68b71d888aa956b60aefbc8425a25b47;English;details?core=esma_registers_priii_documents&docId=20571408;https://registers.esma.europa.eu/publication/downloadFile?fileId=24177987&checksum=68b71d888aa956b60aefbc8425a25b47;de_Volksbank_N.V._-_724500A1FNICHSDF2I11__Base_Prospectus__15-12-2022
NETHERLANDS;Base prospectus without Final terms;Base Prospectus;29/11/2022;Achmea Bank N.V. - 724500AH42V5X8BCPE49;;;;29/11/2022;downloadFile?fileId=23913436&checksum=587a52568b172125a9b9c3e8e43147c8;English;details?core=esma_registers_priii_documents&docId=20328178;https://registers.esma.europa.eu/publication/downloadFile?fileId=23913436&checksum=587a52568b172125a9b9c3e8e43147c8;Achmea_Bank_N.V._-_724500AH42V5X8BCPE49__Base_Prospectus__29-11-2022
NETHERLANDS;Base prospectus without Final terms;Base Prospectus;14/10/2022;de Volksbank N.V. - 724500A1FNICHSDF2I11;;;LUXEMBOURG;14/10/2022;downloadFile?fileId=23025611&checksum=a7f79390ab76edcf506bfcf5db6a8a58;English;details?core=esma_registers_priii_documents&docId=19511503;https://registers.esma.europa.eu/publication/downloadFile?fileId=23025611&checksum=a7f79390ab76edcf506bfcf5db6a8a58;de_Volksbank_N.V._-_724500A1FNICHSDF2I11__Base_Prospectus__14-10-2022
NETHERLANDS;Base prospectus without Final terms;Base Prospectus;07/10/2022;NatWest Markets N.V. - X3CZP3CK64YBHON1LE12;;;;07/10/2022;downloadFile?fileId=22890003&checksum=439da423f7e0f9068cd318e7c0b6252e;English;details?core=esma_registers_priii_documents&docId=19397276;https://registers.esma.europa.eu/publication/downloadFile?fileId=22890003&checksum=439da423f7e0f9068cd318e7c0b6252e;NatWest_Markets_N.V._-_X3CZP3CK64YBHON1LE12__Base_Prospectus__07-10-2022
NETHERLANDS;Base prospectus without Final terms;Base Prospectus;15/07/2022;Alliander N.V. - 724500XBZ9QOPTI11U82;;;;15/07/2022;downloadFile?fileId=21188793&checksum=029b0cabd0ad11e8ed0b8609408759ef;English;details?core=esma_registers_priii_documents&docId=17927269;https://registers.esma.europa.eu/publication/downloadFile?fileId=21188793&checksum=029b0cabd0ad11e8ed0b8609408759ef;Alliander_N.V._-_724500XBZ9QOPTI11U82__Base_Prospectus__15-07-2022
NETHERLANDS;Base prospectus without Final terms;Base Prospectus;06/07/2022;Nationale-Nederlanden Bank N.V. - 724500BICUQ0LF1AH770;;;;06/07/2022;downloadFile?fileId=20992516&checksum=021a53d6b7932b9012cb3fc9492537e7;English;details?core=esma_registers_priii_documents&docId=17751299;https://registers.esma.europa.eu/publication/downloadFile?fileId=20992516&checksum=021a53d6b7932b9012cb3fc9492537e7;Nationale-Nederlanden_Bank_N.V._-_724500BICUQ0LF1AH770__Base_Prospectus__06-07-2022
NETHERLANDS;Base prospectus without Final terms;Base Prospectus;01/07/2022;BNP Paribas Issuance B.V. - 7245009UXRIGIRYOBR48;;;BELGIUM,DENMARK,...;01/07/2022;downloadFile?fileId=20910756&checksum=5c4a408eecd9d3d3542f1716f9c3c953;English;details?core=esma_registers_priii_documents&docId=17673519;https://registers.esma.europa.eu/publication/downloadFile?fileId=20910756&checksum=5c4a408eecd9d3d3542f1716f9c3c953;BNP_Paribas_Issuance_B.V._-_7245009UXRIGIRYOBR48__Base_Prospectus__01-07-2022
NETHERLANDS;Base prospectus without Final terms;Base Prospectus;28/06/2022;BinckBank N.V. - 7245006VSPI8FWN4DW03;;;BELGIUM;28/06/2022;downloadFile?fileId=20831668&checksum=7b0dc0eed9e1ef2b6082826cae4d9717;English;details?core=esma_registers_priii_documents&docId=17600364;https://registers.esma.europa.eu/publication/downloadFile?fileId=20831668&checksum=7b0dc0eed9e1ef2b6082826cae4d9717;BinckBank_N.V._-_7245006VSPI8FWN4DW03__Base_Prospectus__28-06-2022
NETHERLANDS;Base prospectus without Final terms;Base Prospectus;28/06/2022;AEGON FUNDING COMPANY LLC - KEIOKM01PSK5VZ5CCI74, AEGON N.V. - O4QK7KMMK83ITNTHUG69;;;;28/06/2022;downloadFile?fileId=20831690&checksum=217344ee3d83a221565d055f7d0ab6bd;English;details?core=esma_registers_priii_documents&docId=17600386;https://registers.esma.europa.eu/publication/downloadFile?fileId=20831690&checksum=217344ee3d83a221565d055f7d0ab6bd;AEGON_FUNDING_COMPANY_LLC_-_KEIOKM01PSK5VZ5CCI74,_AEGON_N.V._-_O4QK7KMMK83ITNTHUG69__Base_Prospectus__28-06-2022
NETHERLANDS;Base prospectus without Final terms;Base Prospectus;27/06/2022;NIBC Bank N.V. - B64D6Y3LBJS4ANNPCU93;;;LUXEMBOURG;28/06/2022;downloadFile?fileId=20831345&checksum=2449f0696cb35b170fd1ac3a17278fcf;English;details?core=esma_registers_priii_documents&docId=17600073;https://registers.esma.europa.eu/publication/downloadFile?fileId=20831345&checksum=2449f0696cb35b170fd1ac3a17278fcf;NIBC_Bank_N.V._-_B64D6Y3LBJS4ANNPCU93__Base_Prospectus__27-06-2022
NETHERLANDS;Base prospectus without Final terms;Base Prospectus;17/06/2022;N.V. Nederlandse Gasunie - 724500MQFZSYSBC5H178;;;;17/06/2022;downloadFile?fileId=20594905&checksum=7868e17be5578150c3bd8a7117291952;English;details?core=esma_registers_priii_documents&docId=17391804;https://registers.esma.europa.eu/publication/downloadFile?fileId=20594905&checksum=7868e17be5578150c3bd8a7117291952;N.V._Nederlandse_Gasunie_-_724500MQFZSYSBC5H178__Base_Prospectus__17-06-2022
NETHERLANDS;Base prospectus without Final terms;Base Prospectus;16/06/2022;Universal Music Group N.V. - 724500GJBUL3D9TW9Y18;;;;16/06/2022;downloadFile?fileId=20589092&checksum=0d0531d16e7366eb8171c762f5342f3c;English;details?core=esma_registers_priii_documents&docId=17388695;https://registers.esma.europa.eu/publication/downloadFile?fileId=20589092&checksum=0d0531d16e7366eb8171c762f5342f3c;Universal_Music_Group_N.V._-_724500GJBUL3D9TW9Y18__Base_Prospectus__16-06-2022
NETHERLANDS;Base prospectus without Final terms;Base Prospectus;09/06/2022;Nederlandse Financierings-Maatschappij voor Ontwikkelingslanden N.V. - XTC5E2QFTEF0435JWL77;;;LUXEMBOURG;09/06/2022;downloadFile?fileId=20445169&checksum=931ca69ffc86fb731f6f108d98a7d66b;English;details?core=esma_registers_priii_documents&docId=17258588;https://registers.esma.europa.eu/publication/downloadFile?fileId=20445169&checksum=931ca69ffc86fb731f6f108d98a7d66b;Nederlandse_Financierings-Maatschappij_voor_Ontwikkelingslanden_N.V._-_XTC5E2QFTEF0435JWL77__Base_Prospectus__09-06-2022
NETHERLANDS;Base prospectus without Final terms;Base Prospectus;09/06/2022;NN Group N.V. - 724500OHYNDT9OY6Q215;;;;09/06/2022;downloadFile?fileId=20445171&checksum=ef8eeee113d37ccf7a04535d4a7a9dba;English;details?core=esma_registers_priii_documents&docId=17258590;https://registers.esma.europa.eu/publication/downloadFile?fileId=20445171&checksum=ef8eeee113d37ccf7a04535d4a7a9dba;NN_Group_N.V._-_724500OHYNDT9OY6Q215__Base_Prospectus__09-06-2022
NETHERLANDS;Base prospectus without Final terms;Base Prospectus;30/05/2022;NIBC Bank N.V. - B64D6Y3LBJS4ANNPCU93;;;;30/05/2022;downloadFile?fileId=20237503&checksum=97c54b91c4212c7d073376a1d7580e5e;English;details?core=esma_registers_priii_documents&docId=17083505;https://registers.esma.europa.eu/publication/downloadFile?fileId=20237503&checksum=97c54b91c4212c7d073376a1d7580e5e;NIBC_Bank_N.V._-_B64D6Y3LBJS4ANNPCU93__Base_Prospectus__30-05-2022
NETHERLANDS;Base prospectus without Final terms;Base Prospectus;23/05/2022;BNG Bank N.V. - 529900GGYMNGRQTDOO93;;;AUSTRIA,BELGIUM,...;23/05/2022;downloadFile?fileId=20122367&checksum=c66074d85458830a83a5ddbb43931005;English;details?core=esma_registers_priii_documents&docId=16976581;https://registers.esma.europa.eu/publication/downloadFile?fileId=20122367&checksum=c66074d85458830a83a5ddbb43931005;BNG_Bank_N.V._-_529900GGYMNGRQTDOO93__Base_Prospectus__23-05-2022
NETHERLANDS;Base prospectus without Final terms;Base Prospectus;20/05/2022;Coöperatieve Rabobank U.A. - DG3RU1DBUFHT4ZF9WN62;;;LUXEMBOURG;20/05/2022;downloadFile?fileId=20032440&checksum=f04671ead226236121793f4434c88d21;English;details?core=esma_registers_priii_documents&docId=16888388;https://registers.esma.europa.eu/publication/downloadFile?fileId=20032440&checksum=f04671ead226236121793f4434c88d21;Coöperatieve_Rabobank_U.A._-_DG3RU1DBUFHT4ZF9WN62__Base_Prospectus__20-05-2022
NETHERLANDS;Base prospectus without Final terms;Base Prospectus;20/05/2022;Coöperatieve Rabobank U.A. - DG3RU1DBUFHT4ZF9WN62;;;LUXEMBOURG;20/05/2022;downloadFile?fileId=20032439&checksum=b63323d6295acfa85115bda2a297f739;English;details?core=esma_registers_priii_documents&docId=16888387;https://registers.esma.europa.eu/publication/downloadFile?fileId=20032439&checksum=b63323d6295acfa85115bda2a297f739;Coöperatieve_Rabobank_U.A._-_DG3RU1DBUFHT4ZF9WN62__Base_Prospectus__20-05-2022
NETHERLANDS;Base prospectus without Final terms;Base Prospectus;18/05/2022;Coöperatieve Rabobank U.A. - DG3RU1DBUFHT4ZF9WN62;;;BELGIUM,FRANCE,...;25/05/2022;downloadFile?fileId=20166489&checksum=e335f979afd4a10f96ca69908746a20d;English;details?core=esma_registers_priii_documents&docId=17019630;https://registers.esma.europa.eu/publication/downloadFile?fileId=20166489&checksum=e335f979afd4a10f96ca69908746a20d;Coöperatieve_Rabobank_U.A._-_DG3RU1DBUFHT4ZF9WN62__Base_Prospectus__18-05-2022
NETHERLANDS;Base prospectus without Final terms;Base Prospectus;10/05/2022;UNILEVER PLC - 549300MKFYEKVRWML317, Unilever Finance Netherlands B.V. - 549300SWJ4YK4LLNT176;;;;10/05/2022;downloadFile?fileId=19827983&checksum=9bfed2bd9061b8cf4066f92866cf507d;English;details?core=esma_registers_priii_documents&docId=16706439;https://registers.esma.europa.eu/publication/downloadFile?fileId=19827983&checksum=9bfed2bd9061b8cf4066f92866cf507d;UNILEVER_PLC_-_549300MKFYEKVRWML317,_Unilever_Finance_Netherlands_B.V._-_549300SWJ4YK4LLNT176__Base_Prospectus__10-05-2022
NETHERLANDS;Base prospectus without Final terms;Base Prospectus;06/05/2022;Aegon Bank N.V. - 549300772D1G8JPIUR96;;;;06/05/2022;downloadFile?fileId=19770779&checksum=9e4905d74990b78bfc5f46ab02889c68;English;details?core=esma_registers_priii_documents&docId=16652965;https://registers.esma.europa.eu/publication/downloadFile?fileId=19770779&checksum=9e4905d74990b78bfc5f46ab02889c68;Aegon_Bank_N.V._-_549300772D1G8JPIUR96__Base_Prospectus__06-05-2022
NETHERLANDS;Base prospectus without Final terms;Base Prospectus;29/04/2022;Nederlandse Waterschapsbank N.V. - JLP5FSPH9WPSHY3NIM24;;;FRANCE,GERMANY,...;02/05/2022;downloadFile?fileId=19658363&checksum=49eb66f8409ffe951de42a2c9e2c1863;English;details?core=esma_registers_priii_documents&docId=16546261;https://registers.esma.europa.eu/publication/downloadFile?fileId=19658363&checksum=49eb66f8409ffe951de42a2c9e2c1863;Nederlandse_Waterschapsbank_N.V._-_JLP5FSPH9WPSHY3NIM24__Base_Prospectus__29-04-2022
NETHERLANDS;Base prospectus without Final terms;Base Prospectus;29/04/2022;Royal Schiphol Group N.V. - 724500XSMG4AYQ8NDK42, Schiphol Nederland B.V. - 724500DX7Q1A19SPY530;;;;29/04/2022;downloadFile?fileId=19628243&checksum=862a4f65ce4ea1cb847751c8df04d20c;English;details?core=esma_registers_priii_documents&docId=16519294;https://registers.esma.europa.eu/publication/downloadFile?fileId=19628243&checksum=862a4f65ce4ea1cb847751c8df04d20c;Royal_Schiphol_Group_N.V._-_724500XSMG4AYQ8NDK42,_Schiphol_Nederland_B.V._-_724500DX7Q1A19SPY530__Base_Prospectus__29-04-2022
NETHERLANDS;Base prospectus without Final terms;Base Prospectus;28/04/2022;TenneT Holding B.V. - 724500LTUWK3JQG63903;;;;28/04/2022;downloadFile?fileId=19604805&checksum=4f9dc8863164e14263a0958e5dfb09db;English;details?core=esma_registers_priii_documents&docId=16496363;https://registers.esma.europa.eu/publication/downloadFile?fileId=19604805&checksum=4f9dc8863164e14263a0958e5dfb09db;TenneT_Holding_B.V._-_724500LTUWK3JQG63903__Base_Prospectus__28-04-2022
NETHERLANDS;Base prospectus without Final terms;Base Prospectus;01/04/2022;LeasePlan Corporation N.V. - 724500C60L930FVHS484;;;LUXEMBOURG;04/04/2022;downloadFile?fileId=19184038&checksum=f345b377deb2f7b4af83f44e9d123617;English;details?core=esma_registers_priii_documents&docId=16124093;https://registers.esma.europa.eu/publication/downloadFile?fileId=19184038&checksum=f345b377deb2f7b4af83f44e9d123617;LeasePlan_Corporation_N.V._-_724500C60L930FVHS484__Base_Prospectus__01-04-2022
NETHERLANDS;Base prospectus without Final terms;Base Prospectus;23/12/2021;de Volksbank N.V. - 724500A1FNICHSDF2I11;;;LUXEMBOURG;23/12/2021;downloadFile?fileId=17196211&checksum=23513a82aefd0574c59b027525a0c287;English;details?core=esma_registers_priii_documents&docId=14326783;https://registers.esma.europa.eu/publication/downloadFile?fileId=17196211&checksum=23513a82aefd0574c59b027525a0c287;de_Volksbank_N.V._-_724500A1FNICHSDF2I11__Base_Prospectus__23-12-2021
NETHERLANDS;Base prospectus without Final terms;Base Prospectus;09/12/2021;Nationale-Nederlanden Bank N.V. - 724500BICUQ0LF1AH770;;;;09/12/2021;downloadFile?fileId=16969285&checksum=14ef0ac137ae1521ffc38ce20b0fb79d;English;details?core=esma_registers_priii_documents&docId=14111112;https://registers.esma.europa.eu/publication/downloadFile?fileId=16969285&checksum=14ef0ac137ae1521ffc38ce20b0fb79d;Nationale-Nederlanden_Bank_N.V._-_724500BICUQ0LF1AH770__Base_Prospectus__09-12-2021
NETHERLANDS;Base prospectus without Final terms;Base Prospectus;21/10/2021;Stedin Holding N.V. - 724500R5IP6TFKTNRU48;;;;21/10/2021;downloadFile?fileId=16183402&checksum=1d182fa067a928c9ee05fb0e4e46f8e5;English;details?core=esma_registers_priii_documents&docId=13381279;https://registers.esma.europa.eu/publication/downloadFile?fileId=16183402&checksum=1d182fa067a928c9ee05fb0e4e46f8e5;Stedin_Holding_N.V._-_724500R5IP6TFKTNRU48__Base_Prospectus__21-10-2021
NETHERLANDS;Base prospectus without Final terms;Base Prospectus;14/10/2021;de Volksbank N.V. - 724500A1FNICHSDF2I11;;;LUXEMBOURG;14/10/2021;downloadFile?fileId=16087318&checksum=b2553d4fd3eef0ed46ec63cc00fa02e7;English;details?core=esma_registers_priii_documents&docId=13292001;https://registers.esma.europa.eu/publication/downloadFile?fileId=16087318&checksum=b2553d4fd3eef0ed46ec63cc00fa02e7;de_Volksbank_N.V._-_724500A1FNICHSDF2I11__Base_Prospectus__14-10-2021
NETHERLANDS;Base prospectus without Final terms;Base Prospectus;01/10/2021;Vesteda Finance B.V. - 72450072M9HBDGD2GH67;;;;01/10/2021;downloadFile?fileId=15884910&checksum=7f642de9dbedb0b05f70d605a82d5ad5;English;details?core=esma_registers_priii_documents&docId=13103630;https://registers.esma.europa.eu/publication/downloadFile?fileId=15884910&checksum=7f642de9dbedb0b05f70d605a82d5ad5;Vesteda_Finance_B.V._-_72450072M9HBDGD2GH67__Base_Prospectus__01-10-2021
NETHERLANDS;Base prospectus without Final terms;Base Prospectus;30/09/2021;NatWest Markets N.V. - X3CZP3CK64YBHON1LE12;;;;30/09/2021;downloadFile?fileId=15861735&checksum=be2406ae4fd4141460fc64326d373871;English;details?core=esma_registers_priii_documents&docId=13080751;https://registers.esma.europa.eu/publication/downloadFile?fileId=15861735&checksum=be2406ae4fd4141460fc64326d373871;NatWest_Markets_N.V._-_X3CZP3CK64YBHON1LE12__Base_Prospectus__30-09-2021
NETHERLANDS;Base prospectus without Final terms;Base Prospectus;23/09/2021;N.V. Nederlandse Gasunie - 724500MQFZSYSBC5H178;;;;27/09/2021;downloadFile?fileId=15795173&checksum=53cae83633287ae47d0fb7496f5c7add;English;details?core=esma_registers_priii_documents&docId=13019402;https://registers.esma.europa.eu/publication/downloadFile?fileId=15795173&checksum=53cae83633287ae47d0fb7496f5c7add;N.V._Nederlandse_Gasunie_-_724500MQFZSYSBC5H178__Base_Prospectus__23-09-2021
NETHERLANDS;Base prospectus without Final terms;Base Prospectus;15/07/2021;Alliander N.V. - 724500XBZ9QOPTI11U82;;;;16/07/2021;downloadFile?fileId=14788810&checksum=a65bc5053d60b51b2dd74b9665275b1b;English;details?core=esma_registers_priii_documents&docId=10343370;https://registers.esma.europa.eu/publication/downloadFile?fileId=14788810&checksum=a65bc5053d60b51b2dd74b9665275b1b;Alliander_N.V._-_724500XBZ9QOPTI11U82__Base_Prospectus__15-07-2021
NETHERLANDS;Base prospectus without Final terms;Base Prospectus;15/07/2021;NIBC Bank N.V. - B64D6Y3LBJS4ANNPCU93;;;;16/07/2021;downloadFile?fileId=14788400&checksum=e5f158b70793d91525700766ee84f2e5;English;details?core=esma_registers_priii_documents&docId=10342959;https://registers.esma.europa.eu/publication/downloadFile?fileId=14788400&checksum=e5f158b70793d91525700766ee84f2e5;NIBC_Bank_N.V._-_B64D6Y3LBJS4ANNPCU93__Base_Prospectus__15-07-2021
NETHERLANDS;Base prospectus without Final terms;Base Prospectus;01/07/2021;BNP Paribas Issuance B.V. - 7245009UXRIGIRYOBR48;;;BELGIUM,DENMARK,...;01/07/2021;downloadFile?fileId=14607948&checksum=7d8b42207b6ac88cff8d3591d4e13507;English;details?core=esma_registers_priii_documents&docId=10175257;https://registers.esma.europa.eu/publication/downloadFile?fileId=14607948&checksum=7d8b42207b6ac88cff8d3591d4e13507;BNP_Paribas_Issuance_B.V._-_7245009UXRIGIRYOBR48__Base_Prospectus__01-07-2021
NETHERLANDS;Base prospectus without Final terms;Base Prospectus;29/06/2021;Nationale-Nederlanden Bank N.V. - 724500BICUQ0LF1AH770;;;;29/06/2021;downloadFile?fileId=14574047&checksum=fdca1e56eb9849a9314312922b981ccb;English;details?core=esma_registers_priii_documents&docId=10143317;https://registers.esma.europa.eu/publication/downloadFile?fileId=14574047&checksum=fdca1e56eb9849a9314312922b981ccb;Nationale-Nederlanden_Bank_N.V._-_724500BICUQ0LF1AH770__Base_Prospectus__29-06-2021
NETHERLANDS;Base prospectus without Final terms;Base Prospectus;25/06/2021;NIBC Bank N.V. - B64D6Y3LBJS4ANNPCU93;;;LUXEMBOURG;25/06/2021;downloadFile?fileId=14537709&checksum=5a072eb534b1cc0dd6fc05b04418e6c1;English;details?core=esma_registers_priii_documents&docId=10107971;https://registers.esma.europa.eu/publication/downloadFile?fileId=14537709&checksum=5a072eb534b1cc0dd6fc05b04418e6c1;NIBC_Bank_N.V._-_B64D6Y3LBJS4ANNPCU93__Base_Prospectus__25-06-2021
NETHERLANDS;Base prospectus without Final terms;Base Prospectus;10/06/2021;NN Group N.V. - 724500OHYNDT9OY6Q215;;;;21/12/2021;downloadFile?fileId=17141405&checksum=b44c48dbaf0ee6b47dfb7afaf0685f5e;English;details?core=esma_registers_priii_documents&docId=14275710;https://registers.esma.europa.eu/publication/downloadFile?fileId=17141405&checksum=b44c48dbaf0ee6b47dfb7afaf0685f5e;NN_Group_N.V._-_724500OHYNDT9OY6Q215__Base_Prospectus__10-06-2021
NETHERLANDS;Base prospectus without Final terms;Base Prospectus;08/06/2021;BinckBank N.V. - 7245006VSPI8FWN4DW03;;;BELGIUM;08/06/2021;downloadFile?fileId=14293468&checksum=c4ca7903fd1a13be31840d0b1e5ad78f;English;details?core=esma_registers_priii_documents&docId=9885537;https://registers.esma.europa.eu/publication/downloadFile?fileId=14293468&checksum=c4ca7903fd1a13be31840d0b1e5ad78f;BinckBank_N.V._-_7245006VSPI8FWN4DW03__Base_Prospectus__08-06-2021
NETHERLANDS;Base prospectus without Final terms;Base Prospectus;07/06/2021;Achmea Bank N.V. - 724500AH42V5X8BCPE49;;;;07/06/2021;downloadFile?fileId=14269084&checksum=616516dde82e5d99a86841eca91ca04c;English;details?core=esma_registers_priii_documents&docId=9861556;https://registers.esma.europa.eu/publication/downloadFile?fileId=14269084&checksum=616516dde82e5d99a86841eca91ca04c;Achmea_Bank_N.V._-_724500AH42V5X8BCPE49__Base_Prospectus__07-06-2021
NETHERLANDS;Base prospectus without Final terms;Base Prospectus;03/06/2021;Nederlandse Financierings-Maatschappij voor Ontwikkelingslanden N.V. - XTC5E2QFTEF0435JWL77;;;LUXEMBOURG;03/06/2021;downloadFile?fileId=14244068&checksum=73291e2e0686403e30fd16bd99af652a;English;details?core=esma_registers_priii_documents&docId=9839724;https://registers.esma.europa.eu/publication/downloadFile?fileId=14244068&checksum=73291e2e0686403e30fd16bd99af652a;Nederlandse_Financierings-Maatschappij_voor_Ontwikkelingslanden_N.V._-_XTC5E2QFTEF0435JWL77__Base_Prospectus__03-06-2021
NETHERLANDS;Base prospectus without Final terms;Base Prospectus;02/06/2021;Koninklijke DSM N.V. - 724500SNT1MK246AHP04;;;LUXEMBOURG;02/06/2021;downloadFile?fileId=14209921&checksum=2dffeed710bc5b0c97f75cd22060753b;English;details?core=esma_registers_priii_documents&docId=9807826;https://registers.esma.europa.eu/publication/downloadFile?fileId=14209921&checksum=2dffeed710bc5b0c97f75cd22060753b;Koninklijke_DSM_N.V._-_724500SNT1MK246AHP04__Base_Prospectus__02-06-2021
NETHERLANDS;Base prospectus without Final terms;Base Prospectus;21/05/2021;BNG Bank N.V. - 529900GGYMNGRQTDOO93;;;AUSTRIA,BELGIUM,...;21/05/2021;downloadFile?fileId=14030768&checksum=c12be2134dba3e6a3cf1f750bd925bea;English;details?core=esma_registers_priii_documents&docId=9633462;https://registers.esma.europa.eu/publication/downloadFile?fileId=14030768&checksum=c12be2134dba3e6a3cf1f750bd925bea;BNG_Bank_N.V._-_529900GGYMNGRQTDOO93__Base_Prospectus__21-05-2021
NETHERLANDS;Base prospectus without Final terms;Base Prospectus;18/05/2021;Cooperatieve Rabobank U.A. - DG3RU1DBUFHT4ZF9WN62;;;LUXEMBOURG;20/05/2021;downloadFile?fileId=14023454&checksum=e0543c8ef9fcd8351739ea984ae2b8b3;English;details?core=esma_registers_priii_documents&docId=9626503;https://registers.esma.europa.eu/publication/downloadFile?fileId=14023454&checksum=e0543c8ef9fcd8351739ea984ae2b8b3;Cooperatieve_Rabobank_U.A._-_DG3RU1DBUFHT4ZF9WN62__Base_Prospectus__18-05-2021
NETHERLANDS;Base prospectus without Final terms;Base Prospectus;18/05/2021;Cooperatieve Rabobank U.A. - DG3RU1DBUFHT4ZF9WN62;;;LUXEMBOURG;19/05/2021;downloadFile?fileId=14017977&checksum=76da5f663172ea34e398572195ab5595;English;details?core=esma_registers_priii_documents&docId=9621867;https://registers.esma.europa.eu/publication/downloadFile?fileId=14017977&checksum=76da5f663172ea34e398572195ab5595;Cooperatieve_Rabobank_U.A._-_DG3RU1DBUFHT4ZF9WN62__Base_Prospectus__18-05-2021
NETHERLANDS;Base prospectus without Final terms;Base Prospectus;12/05/2021;Cooperatieve Rabobank U.A. - DG3RU1DBUFHT4ZF9WN62;;;BELGIUM,FRANCE,...;12/05/2021;downloadFile?fileId=13939276&checksum=3e14f2f11dcb405d190154a237f7d216;English;details?core=esma_registers_priii_documents&docId=9552174;https://registers.esma.europa.eu/publication/downloadFile?fileId=13939276&checksum=3e14f2f11dcb405d190154a237f7d216;Cooperatieve_Rabobank_U.A._-_DG3RU1DBUFHT4ZF9WN62__Base_Prospectus__12-05-2021
NETHERLANDS;Base prospectus without Final terms;Base Prospectus;12/05/2021;Unilever Finance Netherlands B.V. - 549300SWJ4YK4LLNT176;;;;12/05/2021;downloadFile?fileId=13943499&checksum=0a933dc97141e6e38ec5784bbaeb7c49;English;details?core=esma_registers_priii_documents&docId=9556392;https://registers.esma.europa.eu/publication/downloadFile?fileId=13943499&checksum=0a933dc97141e6e38ec5784bbaeb7c49;Unilever_Finance_Netherlands_B.V._-_549300SWJ4YK4LLNT176__Base_Prospectus__12-05-2021
NETHERLANDS;Base prospectus without Final terms;Base Prospectus;06/05/2021;Aegon Bank N.V. - 549300772D1G8JPIUR96;;;;06/05/2021;downloadFile?fileId=13870731&checksum=c1dd58af94b1ca7aab22c53053984880;English;details?core=esma_registers_priii_documents&docId=9490056;https://registers.esma.europa.eu/publication/downloadFile?fileId=13870731&checksum=c1dd58af94b1ca7aab22c53053984880;Aegon_Bank_N.V._-_549300772D1G8JPIUR96__Base_Prospectus__06-05-2021
NETHERLANDS;Base prospectus without Final terms;Base Prospectus;04/05/2021;TenneT Holding B.V. - 724500LTUWK3JQG63903;;;;04/05/2021;downloadFile?fileId=13832749&checksum=2cb1750c6aed30ca7330ea87f6a8c57b;English;details?core=esma_registers_priii_documents&docId=9475827;https://registers.esma.europa.eu/publication/downloadFile?fileId=13832749&checksum=2cb1750c6aed30ca7330ea87f6a8c57b;TenneT_Holding_B.V._-_724500LTUWK3JQG63903__Base_Prospectus__04-05-2021
NETHERLANDS;Base prospectus without Final terms;Base Prospectus;30/04/2021;Nederlandse Waterschapsbank N.V. - JLP5FSPH9WPSHY3NIM24;;;FRANCE,GERMANY,...;30/04/2021;downloadFile?fileId=13808750&checksum=46a6fc3b8e1aac9e122107bc7acb223c;English;details?core=esma_registers_priii_documents&docId=9475224;https://registers.esma.europa.eu/publication/downloadFile?fileId=13808750&checksum=46a6fc3b8e1aac9e122107bc7acb223c;Nederlandse_Waterschapsbank_N.V._-_JLP5FSPH9WPSHY3NIM24__Base_Prospectus__30-04-2021
NETHERLANDS;Base prospectus without Final terms;Base Prospectus;13/04/2021;Royal Schiphol Group N.V. - 724500XSMG4AYQ8NDK42, Schiphol Nederland B.V. - 724500DX7Q1A19SPY530;;;;13/04/2021;downloadFile?fileId=13636171&checksum=9f8fdcfc5eda7f255fb30881833b2af6;English;details?core=esma_registers_priii_documents&docId=9470108;https://registers.esma.europa.eu/publication/downloadFile?fileId=13636171&checksum=9f8fdcfc5eda7f255fb30881833b2af6;Royal_Schiphol_Group_N.V._-_724500XSMG4AYQ8NDK42,_Schiphol_Nederland_B.V._-_724500DX7Q1A19SPY530__Base_Prospectus__13-04-2021
NETHERLANDS;Base prospectus without Final terms;Base Prospectus;01/04/2021;LeasePlan Corporation N.V. - 724500C60L930FVHS484;;;LUXEMBOURG;01/04/2021;downloadFile?fileId=13438474&checksum=49646378a03565ec43012597cf28c05e;English;details?core=esma_registers_priii_documents&docId=9467384;https://registers.esma.europa.eu/publication/downloadFile?fileId=13438474&checksum=49646378a03565ec43012597cf28c05e;LeasePlan_Corporation_N.V._-_724500C60L930FVHS484__Base_Prospectus__01-04-2021
NETHERLANDS;Base prospectus without Final terms;Base Prospectus;17/12/2020;de Volksbank N.V. - 724500A1FNICHSDF2I11;;;LUXEMBOURG;17/12/2020;downloadFile?fileId=12098457&checksum=bd57aed135e7ecdecf04e7d9b89074de;English;details?core=esma_registers_priii_documents&docId=9435445;https://registers.esma.europa.eu/publication/downloadFile?fileId=12098457&checksum=bd57aed135e7ecdecf04e7d9b89074de;de_Volksbank_N.V._-_724500A1FNICHSDF2I11__Base_Prospectus__17-12-2020
